Cycle,RunTimeDynamic(W)
2000000,1.131167
2002000,1.131167
2004000,1.131167
2006000,1.374085
2008000,1.413958
2010000,1.413958
2012000,1.413958
2014000,1.413958
